"filename", "language", "pip requirements", "Markdown", "Python", "HTML", "CSS", "JavaScript", "comment", "blank", "total"
"d:\Codefield\Web\onlymemes\README.md", "Markdown", 0, 12, 0, 0, 0, 0, 0, 2, 14
"d:\Codefield\Web\onlymemes\apis\admin_api.py", "Python", 0, 0, 271, 0, 0, 0, 0, 72, 343
"d:\Codefield\Web\onlymemes\apis\auth_api.py", "Python", 0, 0, 65, 0, 0, 0, 0, 24, 89
"d:\Codefield\Web\onlymemes\apis\comment_api.py", "Python", 0, 0, 104, 0, 0, 0, 0, 28, 132
"d:\Codefield\Web\onlymemes\apis\follow_api.py", "Python", 0, 0, 138, 0, 0, 0, 0, 52, 190
"d:\Codefield\Web\onlymemes\apis\like_api.py", "Python", 0, 0, 73, 0, 0, 0, 0, 27, 100
"d:\Codefield\Web\onlymemes\apis\meme_api.py", "Python", 0, 0, 263, 0, 0, 0, 4, 72, 339
"d:\Codefield\Web\onlymemes\apis\message_api.py", "Python", 0, 0, 53, 0, 0, 0, 0, 17, 70
"d:\Codefield\Web\onlymemes\apis\post_api.py", "Python", 0, 0, 121, 0, 0, 0, 1, 42, 164
"d:\Codefield\Web\onlymemes\apis\report_api.py", "Python", 0, 0, 33, 0, 0, 0, 0, 13, 46
"d:\Codefield\Web\onlymemes\apis\userinfo_api.py", "Python", 0, 0, 111, 0, 0, 0, 0, 43, 154
"d:\Codefield\Web\onlymemes\apis\warehouse_api.py", "Python", 0, 0, 164, 0, 0, 0, 0, 54, 218
"d:\Codefield\Web\onlymemes\app.py", "Python", 0, 0, 64, 0, 0, 0, 0, 15, 79
"d:\Codefield\Web\onlymemes\requirements.txt", "pip requirements", 10, 0, 0, 0, 0, 0, 0, 0, 10
"d:\Codefield\Web\onlymemes\scripts\config.py", "Python", 0, 0, 2, 0, 0, 0, 0, 1, 3
"d:\Codefield\Web\onlymemes\scripts\err.py", "Python", 0, 0, 24, 0, 0, 0, 0, 8, 32
"d:\Codefield\Web\onlymemes\scripts\init.py", "Python", 0, 0, 22, 0, 0, 0, 0, 16, 38
"d:\Codefield\Web\onlymemes\scripts\models.py", "Python", 0, 0, 109, 0, 0, 0, 3, 40, 152
"d:\Codefield\Web\onlymemes\scripts\search.py", "Python", 0, 0, 64, 0, 0, 0, 9, 10, 83
"d:\Codefield\Web\onlymemes\scripts\test.py", "Python", 0, 0, 211, 0, 0, 0, 10, 67, 288
"d:\Codefield\Web\onlymemes\scripts\utils.py", "Python", 0, 0, 53, 0, 0, 0, 3, 14, 70
"d:\Codefield\Web\onlymemes\static\materialize.min.css", "CSS", 0, 0, 0, 0, 20, 0, 11, 1, 32
"d:\Codefield\Web\onlymemes\static\materialize.min.js", "JavaScript", 0, 0, 0, 0, 0, 1, 5, 0, 6
"d:\Codefield\Web\onlymemes\templates\403.html", "HTML", 0, 0, 0, 11, 0, 0, 0, 0, 11
"d:\Codefield\Web\onlymemes\templates\404.html", "HTML", 0, 0, 0, 11, 0, 0, 0, 0, 11
"d:\Codefield\Web\onlymemes\templates\410.html", "HTML", 0, 0, 0, 11, 0, 0, 0, 0, 11
"d:\Codefield\Web\onlymemes\templates\500.html", "HTML", 0, 0, 0, 11, 0, 0, 0, 0, 11
"d:\Codefield\Web\onlymemes\templates\index.html", "HTML", 0, 0, 0, 14, 0, 0, 3, 5, 22
"Total", "-", 10, 12, 1945, 58, 20, 1, 49, 623, 2718